{
  "price_at_analysis": 0.027845160417019527,
  "momentum_1m": 0.026967647051749217,
  "momentum_3m": 0.02985271038498365,
  "momentum_6m": 0.026561170309303883,
  "momentum_12m": 0.010764400503242028,
  "rsi_14": 0.020730179353117502,
  "annualized_volatility": 0.10717841631915256,
  "daily_volatility": 0.0377873134147211,
  "sma_50_distance": 0.020722349441140025,
  "sma_200_distance": 0.013868410327358777,
  "bb_upper_distance": 0.01521776874895297,
  "bb_lower_distance": 0.017252548109565224,
  "bb_pct_b": 0.010404616748038813,
  "var_95_6m": 0.015495134476437248,
  "var_99_6m": 0.011769683286845117,
  "expected_shortfall_6m": 0.007474092445450728,
  "prob_positive_6m": 0.05307429744495731,
  "anomaly_count": 0.0013027499726983205,
  "amihud_illiquidity": 0.05790159117183756,
  "volume_ratio_20d": 0.014503598851517066,
  "fed_funds_rate": 0.010530551004571228,
  "cpi_yoy": 0.04512522296273154,
  "unemployment_rate": 0.0010469691272283921,
  "yield_curve_spread": 0.029062463748055482,
  "consumer_sentiment": 0.028010517074583092,
  "treasury_10y": 0.07579157931757446,
  "momentum_12_1": 0.007358805930922247
}