{
  "price_at_analysis": 0.02857388090434625,
  "momentum_1m": 0.023884509748976435,
  "momentum_3m": 0.01830272075684842,
  "momentum_6m": 0.024017917503516055,
  "momentum_12m": 0.011672504705187166,
  "rsi_14": 0.0179771101017025,
  "annualized_volatility": 0.10884929309514209,
  "daily_volatility": 0.030867533066355573,
  "sma_50_distance": 0.02217616442696726,
  "sma_200_distance": 0.013219236701715407,
  "bb_upper_distance": 0.013387897474521016,
  "bb_lower_distance": 0.020531204154284985,
  "bb_pct_b": 0.01463229652375799,
  "var_95_6m": 0.012610066393316927,
  "var_99_6m": 0.020696557929020004,
  "expected_shortfall_6m": 0.007457188831843223,
  "prob_positive_6m": 0.0510820447145337,
  "anomaly_count": 0.00021187547265224095,
  "amihud_illiquidity": 0.058595775515073,
  "volume_ratio_20d": 0.016005615660747947,
  "fed_funds_rate": 0.0072043379368104425,
  "cpi_yoy": 0.05415160179794949,
  "unemployment_rate": 0.0022458449414894787,
  "yield_curve_spread": 0.03686177172875889,
  "consumer_sentiment": 0.03826428240650452,
  "treasury_10y": 0.08676157413369992,
  "momentum_12_1": 0.007468237262718258
}