{
  "price_at_analysis": 0.04174056255751186,
  "momentum_1m": 0.01802805289155555,
  "momentum_3m": 0.026842600131980875,
  "momentum_6m": 0.021187660934172122,
  "momentum_12m": 0.05052451031400842,
  "rsi_14": 0.014470955710367977,
  "annualized_volatility": 0.1024574133078173,
  "sma_50_distance": 0.018428792292025306,
  "sma_200_distance": 0.025000023378409692,
  "var_95_6m": 0.01545039530837944,
  "var_99_6m": 0.010969331772533425,
  "expected_shortfall_6m": 0.00964282316948042,
  "prob_positive_6m": 0.048307633908303435,
  "anomaly_count": 0.0023476145980110496,
  "amihud_illiquidity": 0.05082112345292683,
  "volume_ratio_20d": 0.012959874705557014,
  "fed_funds_rate": 0.00805669837273298,
  "cpi_yoy": 0.017984229856741706,
  "unemployment_rate": 0.05454491042971471,
  "yield_curve_spread": 0.11322699783725493,
  "consumer_sentiment": 0.009220208824708514,
  "treasury_10y": 0.0065588592309621194
}