{
  "price_at_analysis": 0.0,
  "momentum_1m": 0.05041666666666664,
  "momentum_3m": 0.045812499999999964,
  "momentum_6m": 0.025229166666666636,
  "momentum_12m": 0.003833333333333322,
  "rsi_14": 0.04104166666666663,
  "annualized_volatility": 0.22779166666666667,
  "sma_50_distance": 0.04574999999999997,
  "sma_200_distance": 0.006895833333333312,
  "var_95_6m": 0.008999999999999952,
  "var_99_6m": 0.01727083333333331,
  "expected_shortfall_6m": 0.00629166666666664,
  "prob_positive_6m": 0.0635208333333333,
  "anomaly_count": 0.0017708333333333105,
  "amihud_illiquidity": 0.04295833333333329,
  "volume_ratio_20d": 0.03158333333333332,
  "fed_funds_rate": 0.001333333333333331,
  "cpi_yoy": 0.021874999999999964,
  "unemployment_rate": 0.0011666666666666492,
  "yield_curve_spread": 0.02656249999999998,
  "consumer_sentiment": 0.02977083333333329,
  "treasury_10y": 0.006520833333333309
}