{
  "price_at_analysis": 0.02404967566828879,
  "momentum_1m": 0.03064617433819995,
  "momentum_3m": 0.020234989006107106,
  "momentum_6m": 0.0225667759348988,
  "momentum_12m": 0.010224078231383027,
  "rsi_14": 0.018530920641250632,
  "annualized_volatility": 0.10237275306548796,
  "daily_volatility": 0.033667206308404495,
  "sma_50_distance": 0.02032883850598195,
  "sma_200_distance": 0.014250743072180699,
  "bb_upper_distance": 0.012979060155794142,
  "bb_lower_distance": 0.021624384798963732,
  "bb_pct_b": 0.015148371557471122,
  "var_95_6m": 0.01210898455077518,
  "var_99_6m": 0.015334120753919045,
  "expected_shortfall_6m": 0.009673770064884565,
  "prob_positive_6m": 0.0474065730042097,
  "anomaly_count": 0.00037889208223080396,
  "amihud_illiquidity": 0.055122735404785496,
  "volume_ratio_20d": 0.015098405408645581,
  "fed_funds_rate": 0.005948443586837016,
  "cpi_yoy": 0.053563835714426355,
  "unemployment_rate": 0.002974574859765675,
  "yield_curve_spread": 0.03855434724367757,
  "consumer_sentiment": 0.03884291202985335,
  "treasury_10y": 0.08429061025781638,
  "momentum_12_1": 0.0073287654568885115
}