{
  "price_at_analysis": 2.260653328812386e-05,
  "momentum_1m": 0.010253523971234213,
  "momentum_3m": 0.001115530041178281,
  "momentum_6m": 0.0029988018086327083,
  "momentum_12m": 0.0013919139329692277,
  "rsi_14": 0.0840681228652299,
  "annualized_volatility": 0.00047283253094904847,
  "sma_50_distance": 0.07255768285825916,
  "sma_200_distance": 0.0005128005992454146,
  "var_95_6m": 0.0002313034188034191,
  "var_99_6m": 0.0,
  "expected_shortfall_6m": 0.0,
  "prob_positive_6m": 0.0010287275127219572,
  "anomaly_count": 1.130326664406193e-05,
  "amihud_illiquidity": 0.0002941631670014192,
  "volume_ratio_20d": 0.0008130399461405109,
  "fed_funds_rate": 0.0,
  "cpi_yoy": 0.0,
  "unemployment_rate": 0.0,
  "yield_curve_spread": 0.0024035484793956934,
  "consumer_sentiment": 0.0002658268794921037,
  "treasury_10y": 0.0056587550101780066
}