{
  "baseline": [
    -0.1562057111301244,
    0.08020997180250729,
    0.12893686794219134,
    -0.002739270694276674,
    0.07644921400584206,
    -0.2224307509057672,
    -0.009215212208725699,
    0.06951165798178252,
    -0.021831460911493537,
    0.11930601122797965,
    0.019614235859163887,
    -0.07919958714364018,
    0.06400985451305748,
    0.03398668465567709,
    -0.003851537835952823,
    -0.003992447680062272,
    0.13251646251384744,
    0.11236228578048565,
    0.15635959077136413,
    0.0021600800811301334,
    -0.09349353351222758,
    -0.07514226515641675,
    0.11475924773609344,
    0.023647899190289867,
    -0.014175861476694463,
    0.20923844713957798,
    0.06190154224157629,
    -0.031864921953555704,
    0.1112941208127803,
    0.013677673189581319,
    -0.07334695918458498,
    0.03585422653491369,
    0.13641364114339466,
    0.1150017084391958,
    0.3348000274770294,
    -0.04002752829016916,
    0.12167506491187736,
    -0.09617260669643071,
    -0.08948842884783115,
    -0.004628601682685663,
    0.046641623209317015,
    0.04434477829393925,
    0.131278928127368,
    -0.012138946168279697,
    0.2485026657608022,
    0.1311499853551909,
    0.015476700227438378,
    null
  ],
  "hi52_k0.5": [
    -0.1562057111301244,
    0.08020997180250729,
    0.12893686794219134,
    -0.002739270694276674,
    0.07644921400584206,
    -0.2224307509057672,
    -0.009215212208725699,
    0.06951165798178252,
    -0.021831460911493537,
    0.11479116017568083,
    0.015638126547837104,
    -0.07349764868005591,
    0.07797926104288717,
    0.06151402795729832,
    -0.018356912164508944,
    0.0037471585638049086,
    0.13251646251384744,
    0.11236228578048565,
    0.14603447000565012,
    0.009249664657168455,
    -0.09349353351222758,
    -0.07514226515641675,
    0.08086170647228312,
    -0.004916899608751813,
    -0.014175861476694463,
    0.20923844713957798,
    0.06190154224157629,
    -0.0425055627300475,
    0.1112941208127803,
    0.024595370310040963,
    -0.07334695918458498,
    0.044382455374050986,
    0.13641364114339466,
    0.11351473007765003,
    0.3348000274770294,
    -0.027146554134867086,
    0.12167506491187736,
    -0.0651905734992432,
    -0.06642297304630547,
    0.001398176655597383,
    0.046641623209317015,
    0.05355012524880939,
    0.1058237114260941,
    -0.012138946168279697,
    0.2485026657608022,
    0.1311499853551909,
    0.015476700227438378,
    null
  ],
  "config_sharpes": {
    "baseline": 1.3437166244997696,
    "sector_neutral": 1.2264981280595302,
    "vol_scaled": 1.3467513545009493,
    "hi52_k0.5": 1.398537192715646,
    "hi52_k1.0": 1.3982600107294325
  },
  "n_rebalances": 47
}