{
  "baseline_sharpe": 1.3437166244997696,
  "baseline_avg_sectors": 4.708333333333333,
  "baseline_monthly": [
    -0.1562057111301244,
    0.08020997180250729,
    0.12893686794219134,
    -0.002739270694276674,
    0.07644921400584206,
    -0.2224307509057672,
    -0.009215212208725699,
    0.06951165798178252,
    -0.021831460911493537,
    0.11930601122797965,
    0.019614235859163887,
    -0.07919958714364018,
    0.06400985451305748,
    0.03398668465567709,
    -0.003851537835952823,
    -0.003992447680062272,
    0.13251646251384744,
    0.11236228578048565,
    0.15635959077136413,
    0.0021600800811301334,
    -0.09349353351222758,
    -0.07514226515641675,
    0.11475924773609344,
    0.023647899190289867,
    -0.014175861476694463,
    0.20923844713957798,
    0.06190154224157629,
    -0.031864921953555704,
    0.1112941208127803,
    0.013677673189581319,
    -0.07334695918458498,
    0.03585422653491369,
    0.13641364114339466,
    0.1150017084391958,
    0.3348000274770294,
    -0.04002752829016916,
    0.12167506491187736,
    -0.09617260669643071,
    -0.08948842884783115,
    -0.004628601682685663,
    0.046641623209317015,
    0.04434477829393925,
    0.131278928127368,
    -0.012138946168279697,
    0.2485026657608022,
    0.1311499853551909,
    0.015476700227438378,
    null
  ],
  "soft": {
    "soft_w0.10": {
      "ann_sharpe": 1.5200271027116756,
      "d_sharpe": 0.17631047821190604,
      "avg_sectors": 5.958333333333333,
      "d_sectors": 1.25,
      "avg_turnover": 0.5425531914893617,
      "keep": true,
      "monthly": [
        -0.0920949390482325,
        0.06778846820114573,
        0.09935244626374905,
        -0.009305453332639069,
        0.06431877479070457,
        -0.17903142940059122,
        0.0065587185011809716,
        0.06473610877766188,
        -0.018143728644733792,
        0.11479116017568083,
        0.05160747650882567,
        -0.07919958714364018,
        0.05245234043946804,
        0.025667149294957704,
        0.006426482359924679,
        0.00508470494175115,
        0.1365924763900959,
        0.14617807731205282,
        0.16431253483366173,
        -0.0012262147357176233,
        -0.09008449835122355,
        -0.08191269513710855,
        0.07632112928584493,
        0.03113236607523041,
        0.017650976560472643,
        0.1880114636197156,
        0.044921383080309504,
        -0.0425055627300475,
        0.10716007584311286,
        0.009692511523106606,
        -0.06456844629407782,
        0.03585422653491369,
        0.13641364114339466,
        0.10705202838836729,
        0.3192383391797759,
        -0.027813892151388065,
        0.12920088554952197,
        -0.09173477781522468,
        -0.0893821999020179,
        0.03438700182036335,
        0.04408105449717807,
        0.06618536225411101,
        0.12593285012624147,
        -0.04622335406882836,
        0.198668948198822,
        0.12282774967332381,
        0.023084264303077494,
        null
      ]
    },
    "soft_w0.20": {
      "ann_sharpe": 1.54331044812936,
      "d_sharpe": 0.19959382362959044,
      "avg_sectors": 6.729166666666667,
      "d_sectors": 2.020833333333334,
      "avg_turnover": 0.5446808510638298,
      "keep": true,
      "monthly": [
        -0.08760691889978725,
        0.038283818054107854,
        0.1064574710040858,
        0.0076345975302062555,
        0.04904250856703575,
        -0.15590189057136827,
        0.0065587185011809716,
        0.07818557458271085,
        -0.015909698008248152,
        0.11479116017568083,
        0.05695807352329722,
        -0.07561702188697617,
        0.04345464068652186,
        0.020665114285611984,
        -0.0026097943105770293,
        -0.011280216174768676,
        0.14343422026285205,
        0.1549447107456775,
        0.18197347769984193,
        -0.0012262147357176233,
        -0.09008449835122355,
        -0.06266045392336178,
        0.07632112928584493,
        0.03666374191153097,
        0.01798823895591848,
        0.18801146361971557,
        0.0877366503538641,
        -0.056560178042573996,
        0.10716007584311286,
        -0.0014382953717192559,
        -0.020085062176982284,
        0.03836412843415303,
        0.08489477759070602,
        0.10705202838836729,
        0.3747565127259094,
        -0.041866158153870583,
        0.12827101671037452,
        -0.06962465338872222,
        -0.08946050649662449,
        0.03438700182036335,
        0.040599628827932645,
        0.06618536225411101,
        0.08073907189942914,
        -0.06607086551340946,
        0.19287606349126457,
        0.11411522648296923,
        0.031515812477455794,
        null
      ]
    },
    "soft_w0.30": {
      "ann_sharpe": 1.5781105919543983,
      "d_sharpe": 0.2343939674546287,
      "avg_sectors": 7.3125,
      "d_sectors": 2.604166666666667,
      "avg_turnover": 0.5489361702127659,
      "keep": true,
      "monthly": [
        -0.07029138443670435,
        0.04234056370082619,
        0.1013753704697646,
        -0.013348557390131011,
        0.058319637264806636,
        -0.161618056232552,
        0.0065587185011809716,
        0.0597020452398882,
        -0.015909698008248152,
        0.11120773559575561,
        0.05564212392822809,
        -0.07561702188697617,
        0.04353153415844121,
        0.011624262436438826,
        -0.0026097943105770293,
        -0.0032129004047560692,
        0.14343422026285205,
        0.1543562344502402,
        0.21003466619704306,
        -0.0012262147357176233,
        -0.07647122837888336,
        -0.06266045392336178,
        0.08117293103432435,
        0.041315978663377884,
        0.01821523369304724,
        0.1880114636197156,
        0.0740416854901186,
        -0.056560178042573996,
        0.10716007584311286,
        -0.011616662851255677,
        -0.008632861851709916,
        0.03836412843415303,
        0.0880147529717402,
        0.10705202838836729,
        0.3747565127259094,
        -0.041866158153870583,
        0.12201938871917503,
        -0.06962465338872222,
        -0.08946050649662449,
        0.03438700182036335,
        0.06472294846318238,
        0.04945134310296943,
        0.08073907189942914,
        -0.06607086551340946,
        0.18467380700241764,
        0.11411522648296923,
        0.06409056915925421,
        null
      ]
    }
  },
  "n_rebalances": 47
}