{
  "baseline": [
    -0.12226931942524395,
    0.08020987289748334,
    0.12893685819705675,
    -0.0027392225835618732,
    0.07644919970300004,
    -0.22243076540477258,
    -0.009215190260645479,
    0.06951161966187527,
    -0.02747260487684271,
    0.11930589853364573,
    0.01961419540072621,
    -0.07919957199460728,
    0.06400977393470772,
    0.03398662051200966,
    -0.0038514995219477875,
    -0.003992482924835339,
    0.13251645868324485,
    0.12145623100846159,
    0.1563595869696708,
    0.0021600901074615873,
    -0.0934935657399494,
    -0.07514234378117349,
    0.11475923194118365,
    0.023647860831053823,
    -0.014175885244145958,
    0.20923848404067535,
    0.06190156506183351,
    -0.03186493310604092,
    0.11129414340640839,
    0.0136776826578898,
    -0.07334698308788072,
    0.03585423636113373,
    0.1364136163168725,
    0.11500170845937545,
    0.3348000140747862,
    -0.04002752377580815,
    0.12844298723138325,
    -0.09617259579004354,
    -0.08948843996023484,
    -0.004628609053555543,
    0.046641624168722216,
    0.04434477633095846,
    0.13127894774562057,
    -0.012138928333249732,
    0.24850266357996414,
    0.13114999102548905,
    0.015476680579108882,
    null
  ],
  "hi52_k0.5": [
    -0.12226931942524395,
    0.08020987289748334,
    0.12893685819705675,
    -0.0027392225835618732,
    0.07644919970300004,
    -0.22243076540477258,
    -0.009215190260645479,
    0.06951161966187527,
    -0.02747260487684271,
    0.11479102471054492,
    0.015638098362638186,
    -0.07349762502434046,
    0.07797919743979317,
    0.0615139523479075,
    -0.01835688221770181,
    0.0037471428616786097,
    0.13251645868324485,
    0.12145623100846159,
    0.14603445859284636,
    0.009249674683499909,
    -0.0934935657399494,
    -0.07514234378117349,
    0.08086172845777165,
    -0.004916960598070908,
    -0.014175885244145958,
    0.20923848404067535,
    0.06190156506183351,
    -0.04250554638256045,
    0.11129414340640839,
    0.024595359933859397,
    -0.07334698308788072,
    0.044382441023445726,
    0.1364136163168725,
    0.11351471232213836,
    0.3348000140747862,
    -0.027146549620506076,
    0.12844298723138325,
    -0.06519055507053517,
    -0.06642299289851185,
    0.0013981911333477038,
    0.046641624168722216,
    0.0535501232858286,
    0.10582372927253077,
    -0.012138928333249732,
    0.24850266357996414,
    0.13114999102548905,
    0.015476680579108882,
    null
  ],
  "config_sharpes": {
    "baseline": 1.388255845954781,
    "sector_neutral": 1.2226837516497628,
    "vol_scaled": 1.4031786236516455,
    "hi52_k0.5": 1.4451003133231661,
    "hi52_k1.0": 1.4419342880627581
  },
  "n_rebalances": 47
}