{
  "baseline_gross": [
    -0.12226934989239657,
    0.08021008568371174,
    0.1289368162133321,
    -0.0027392427232598828,
    0.07644915734367166,
    -0.22243074346616737,
    -0.009215112530190283,
    0.06951171221391501,
    -0.02747260572763719,
    0.11930598366581444,
    0.0196141730887196,
    -0.07919955283389224,
    0.06400980904651041,
    0.03398655841684278,
    -0.003851512512383104,
    -0.003992465736204454,
    0.13251646829904581,
    0.1214562216438319,
    0.15635958215983858,
    0.002160118798421684,
    -0.09349351971378989,
    -0.07514231881723395,
    0.11475925660687092,
    0.02364787743936465,
    -0.014175851753397839,
    0.20923846206647193,
    0.06190150956522851,
    -0.03186489933534585,
    0.11129411333309516,
    0.013677697580024318,
    -0.0733469642808178,
    0.03585429479331205,
    0.13641363124926725,
    0.11500172395601513,
    0.3348000180886727,
    -0.0400275202533434,
    0.12844296130999383,
    -0.09617262005146485,
    -0.08948841263094569,
    -0.004628616692890941,
    0.04664161291699918,
    0.044344808028148185,
    0.13127892661351698,
    -0.01213891980980828,
    0.2485026678761942,
    0.13114998989294074,
    0.015476680579108882,
    null
  ],
  "band_gross": [
    -0.12226934989239657,
    0.08021008568371174,
    0.1289368162133321,
    -0.0022260300145012456,
    0.09021945021184749,
    -0.22243074346616737,
    -0.009215112530190283,
    0.06951171221391501,
    -0.028931546184103075,
    0.11479113337871734,
    0.0196141730887196,
    -0.07919955283389224,
    0.056935572838040814,
    0.03398655841684278,
    -0.01859453466669967,
    -0.009422715242320722,
    0.13659245913242196,
    0.1214562216438319,
    0.16431252107263342,
    0.0155514983688804,
    -0.09349351971378989,
    -0.07514231881723395,
    0.10669437409604095,
    0.03337978925756333,
    -0.014175851753397839,
    0.20923846206647193,
    0.024182991038164736,
    -0.03186489933534585,
    0.1554892257786012,
    0.013677697580024318,
    -0.07104700973545995,
    0.03585429479331205,
    0.13641363124926725,
    0.10181755711147197,
    0.33480001808867266,
    -0.027146546098041326,
    0.13341250665781795,
    -0.08345397994065434,
    -0.08948841263094569,
    0.01667494252097046,
    0.04327431811144863,
    0.044344808028148185,
    0.10582372394994491,
    -0.022262207688730818,
    0.2485026678761942,
    0.13114998989294074,
    0.013395783088440295,
    null
  ],
  "baseline_net": [
    -0.12226934989239657,
    0.07841008568371174,
    0.1285368162133321,
    -0.0035392427232598827,
    0.07544915734367166,
    -0.22363074346616738,
    -0.011015112530190283,
    0.06771171221391502,
    -0.02847260572763719,
    0.11810598366581443,
    0.0184141730887196,
    -0.08039955283389225,
    0.06260980904651041,
    0.032586558416842784,
    -0.004651512512383104,
    -0.005192465736204454,
    0.13171646829904582,
    0.12025622164383189,
    0.1555595821598386,
    0.0013601187984216842,
    -0.09449351971378989,
    -0.07594231881723394,
    0.11375925660687092,
    0.02224787743936465,
    -0.015175851753397838,
    0.20763846206647193,
    0.06050150956522851,
    -0.032464899335345854,
    0.11049411333309517,
    0.012477697580024318,
    -0.0743469642808178,
    0.03425429479331205,
    0.13541363124926725,
    0.11400172395601513,
    0.3340000180886727,
    -0.0410275202533434,
    0.12764296130999384,
    -0.09717262005146485,
    -0.09048841263094569,
    -0.006028616692890941,
    0.04504161291699918,
    0.04254480802814818,
    0.12987892661351697,
    -0.013338919809808279,
    0.2473026678761942,
    0.13034998989294075,
    0.015076680579108883,
    null
  ],
  "band_net": [
    -0.12226934989239657,
    0.07841008568371174,
    0.1285368162133321,
    -0.002826030014501246,
    0.0894194502118475,
    -0.22343074346616737,
    -0.011015112530190283,
    0.06771171221391502,
    -0.029731546184103074,
    0.11379113337871734,
    0.0184141730887196,
    -0.08039955283389225,
    0.055735572838040814,
    0.032586558416842784,
    -0.01919453466669967,
    -0.010622715242320722,
    0.13599245913242197,
    0.12025622164383189,
    0.16371252107263343,
    0.015151498368880401,
    -0.09429351971378988,
    -0.07594231881723394,
    0.10589437409604095,
    0.03217978925756333,
    -0.015175851753397838,
    0.20763846206647193,
    0.023182991038164735,
    -0.03266489933534585,
    0.15508922577860118,
    0.012877697580024317,
    -0.07184700973545995,
    0.03445429479331205,
    0.13541363124926725,
    0.10121755711147197,
    0.33380001808867266,
    -0.027946546098041324,
    0.13301250665781794,
    -0.08425397994065434,
    -0.09048841263094569,
    0.01547494252097046,
    0.04187431811144863,
    0.04254480802814818,
    0.1046237239499449,
    -0.02326220768873082,
    0.2473026678761942,
    0.13034998989294075,
    0.013195783088440294,
    null
  ],
  "turnover_baseline": [
    null,
    0.9,
    0.19999999999999996,
    0.4,
    0.5,
    0.6,
    0.9,
    0.9,
    0.5,
    0.6,
    0.6,
    0.6,
    0.7,
    0.7,
    0.4,
    0.6,
    0.4,
    0.6,
    0.4,
    0.4,
    0.5,
    0.4,
    0.5,
    0.7,
    0.5,
    0.8,
    0.7,
    0.30000000000000004,
    0.4,
    0.6,
    0.5,
    0.8,
    0.5,
    0.5,
    0.4,
    0.5,
    0.4,
    0.5,
    0.5,
    0.7,
    0.8,
    0.9,
    0.7,
    0.6,
    0.6,
    0.4,
    0.19999999999999996,
    0.30000000000000004
  ],
  "turnover_band": [
    null,
    0.9,
    0.19999999999999996,
    0.30000000000000004,
    0.4,
    0.5,
    0.9,
    0.9,
    0.4,
    0.5,
    0.6,
    0.6,
    0.6,
    0.7,
    0.30000000000000004,
    0.6,
    0.30000000000000004,
    0.6,
    0.30000000000000004,
    0.19999999999999996,
    0.4,
    0.4,
    0.4,
    0.6,
    0.5,
    0.8,
    0.5,
    0.4,
    0.19999999999999996,
    0.4,
    0.4,
    0.7,
    0.5,
    0.30000000000000004,
    0.5,
    0.4,
    0.19999999999999996,
    0.4,
    0.5,
    0.6,
    0.7,
    0.9,
    0.6,
    0.5,
    0.6,
    0.4,
    0.09999999999999998,
    0.30000000000000004
  ],
  "gross_srdiff": {
    "delta": 0.010566747436111301,
    "p_one_sided": 0.41371725654869024,
    "ci_low": -0.07065726751451137,
    "ci_high": 0.08688646329535987,
    "sr_a": 1.3988230274826439,
    "sr_b": 1.3882562800465326,
    "se": 0.04809354376455855,
    "n": 47,
    "n_boot": 5000
  },
  "net_srdiff": {
    "delta": 0.015181616724745828,
    "p_one_sided": 0.3759248150369926,
    "ci_low": -0.06598384066421119,
    "ci_high": 0.0919148462115732,
    "sr_a": 1.366299821293599,
    "sr_b": 1.3511182045688532,
    "se": 0.048211117091712274,
    "n": 47,
    "n_boot": 5000
  },
  "do_no_harm_ok": false,
  "promote": false,
  "verdict": "REJECT (not robust on the net-of-cost a-priori gate) -- honest negative result",
  "params": {
    "top_n": 10,
    "band_pct": 0.2,
    "round_trip_cost": 0.002,
    "n_boot": 5000,
    "seed": 42,
    "start": "2021-06-01",
    "end": "2025-12-31"
  },
  "n_rebalances": 47
}