{
  "baseline": [
    0.08096986365852402,
    -0.050425914014129915,
    0.023838182550367626,
    0.07842995598774641,
    -0.04161944021202145,
    0.002234256471525753,
    0.09972035018575505,
    -0.052522860978463703,
    0.07388670653673521,
    -0.05792662478277707,
    0.05559598290151718,
    -0.12226935370632139,
    0.08020996082083898,
    0.1289368073676032,
    -0.002739299245529958,
    0.0764491787113401,
    -0.2224307401702179,
    -0.009215192684373607,
    0.06951161612308004,
    -0.027472605013950057,
    0.11930592518176766,
    0.019614155741528583,
    -0.07919956252047981,
    0.06400978364506135,
    0.03398656749691882,
    -0.003851554374742916,
    -0.003992440132711783,
    0.13251645954140442,
    0.12145624212275015,
    0.15635957134296746,
    0.0021600789729414593,
    -0.0934935091859939,
    -0.07514235318992978,
    0.11475920986791795,
    0.02364786030890733,
    -0.01417589164045091,
    0.20923842327799808,
    0.061901560329063854,
    -0.031864932365826604,
    0.11129408845568456,
    0.013677690174870938,
    -0.07334696534421445,
    0.035854226271359715,
    0.1364136049930887,
    0.11500174369399992,
    0.33479998798561594,
    -0.040027532300692024,
    0.1284429758634708,
    -0.09617260315645554,
    -0.08948841316735512,
    -0.004628605581690992,
    0.04664162923774652,
    0.04434476846859211,
    0.13127893723296252,
    -0.012138900396746654,
    0.24850269414801285,
    0.13114997848725368,
    0.015476671962970978,
    null
  ],
  "resid_mom": [
    -0.024533705007330053,
    -0.06803223519534098,
    0.006397347614802829,
    0.11849903293165931,
    -0.025948509916878738,
    -0.025492795506559984,
    0.015140204163288462,
    0.01470754624442513,
    0.06167165253221896,
    -0.09328797895645952,
    0.055191018368099476,
    0.0985760499220701,
    -0.0012148841438580416,
    0.07678867048193268,
    -0.06264217010073203,
    -0.01573008937962487,
    -0.02803897897237164,
    0.030045660880938053,
    0.020976200163869287,
    -0.02329534605607293,
    0.09741573969386706,
    0.07308273613779995,
    -0.045626573472854516,
    0.040021764239015226,
    -0.007438076864973431,
    0.026639013518436526,
    -0.021422556492764235,
    -0.008287140956159978,
    0.10788211098487466,
    0.0688495526405822,
    0.026507334067618772,
    -0.08005280311166343,
    -0.023130049932806228,
    0.09218014912884774,
    0.019330465133684926,
    0.05870820178537093,
    0.26933550697867237,
    0.004079479309432021,
    -0.07689211279159981,
    0.06570402341923019,
    0.036460498275403166,
    -0.012648711585929562,
    0.10501782816124636,
    0.030574235883437606,
    0.05764548221743411,
    0.012606164543376052,
    -0.0602841874404436,
    0.06275763663615555,
    -0.0003160096051661343,
    -0.05727284839516743,
    -0.04831444241190773,
    0.04446496486619088,
    0.009986274067936318,
    0.019759737780961517,
    -0.004797906871130897,
    0.1486302620319599,
    -0.011478563540766495,
    -0.007109656986193291,
    null
  ],
  "n_rebalances": 59,
  "verdict": "REJECT",
  "p_one_sided": 0.7724455108978204,
  "delta": -0.24932739937506132,
  "ci": [
    -0.8829872653712943,
    0.3296999963676281
  ]
}